left_edge,right_edge,l1overl3
-0.9419422925639571,-0.8038428306405919,0.09090909090909091
-0.8038428306405919,-0.6657433687172267,0.14545454545454545
-0.6657433687172267,-0.5276439067938616,0.18181818181818182
-0.5276439067938616,-0.38954444487049644,0.3090909090909091
-0.38954444487049644,-0.25144498294713125,0.2
-0.25144498294713125,-0.11334552102376601,0.07272727272727272
