left_edge,right_edge,rho
0.001819,0.009819999999999999,0.10909090909090909
0.009819999999999999,0.017821,0.32727272727272727
0.017821,0.025821999999999998,0.32727272727272727
0.025821999999999998,0.033823,0.16363636363636364
0.033823,0.041824,0.07272727272727272
